{"name":"crowdflower_airline-twitter-sentiment","title":"Airline Twitter Sentiment","description":"A sentiment analysis job about the problems of each major U.S. airline. Twitter data was scraped from February of 2015 and contributors were asked to first classify positive, negative, and neutral tweets, followed by categorizing negative reasons (such as \"late flight\" or \"rude service\").   You can download the non-aggregated results (55,000 rows) here.\n\nSource: https://www.crowdflower.com/data-for-everyone/","homepage":"https://data.world/crowdflower/airline-twitter-sentiment","license":"Public Domain","resources":[{"name":"airline_sentiment_2_w_aa","schema":{"fields":[{"name":"unit_id","title":"_unit_id","type":"integer","rdfType":"http://www.w3.org/2001/XMLSchema#integer","dwSourceId":"unit_id"},{"name":"golden","title":"_golden","type":"boolean","rdfType":"http://www.w3.org/2001/XMLSchema#boolean","dwSourceId":"golden"},{"name":"unit_state","title":"_unit_state","type":"string","rdfType":"http://www.w3.org/2001/XMLSchema#string","dwSourceId":"unit_state"},{"name":"trusted_judgments","title":"_trusted_judgments","type":"integer","rdfType":"http://www.w3.org/2001/XMLSchema#integer","dwSourceId":"trusted_judgments"},{"name":"last_judgment_at","title":"_last_judgment_at","type":"datetime","rdfType":"http://www.w3.org/2001/XMLSchema#dateTime","dwSourceId":"last_judgment_at"},{"name":"airline_sentiment","title":"airline_sentiment","type":"string","rdfType":"http://www.w3.org/2001/XMLSchema#string","dwSourceId":"airline_sentiment"},{"name":"airline_sentiment_confidence","title":"airline_sentiment:confidence","type":"number","rdfType":"http://www.w3.org/2001/XMLSchema#decimal","dwSourceId":"airline_sentiment_confidence"},{"name":"negativereason","title":"negativereason","type":"string","rdfType":"http://www.w3.org/2001/XMLSchema#string","dwSourceId":"negativereason"},{"name":"negativereason_confidence","title":"negativereason:confidence","type":"number","rdfType":"http://www.w3.org/2001/XMLSchema#decimal","dwSourceId":"negativereason_confidence"},{"name":"airline","title":"airline","type":"string","rdfType":"http://www.w3.org/2001/XMLSchema#string","dwSourceId":"airline"},{"name":"airline_sentiment_gold","title":"airline_sentiment_gold","type":"string","rdfType":"http://www.w3.org/2001/XMLSchema#string","dwSourceId":"airline_sentiment_gold"},{"name":"name","title":"name","type":"string","rdfType":"http://www.w3.org/2001/XMLSchema#string","dwSourceId":"name"},{"name":"negativereason_gold","title":"negativereason_gold","type":"string","rdfType":"http://www.w3.org/2001/XMLSchema#string","dwSourceId":"negativereason_gold"},{"name":"retweet_count","title":"retweet_count","type":"integer","rdfType":"http://www.w3.org/2001/XMLSchema#integer","dwSourceId":"retweet_count"},{"name":"text","title":"text","type":"string","rdfType":"http://www.w3.org/2001/XMLSchema#string","dwSourceId":"text"},{"name":"tweet_coord","title":"tweet_coord","type":"string","rdfType":"http://www.w3.org/2001/XMLSchema#string","dwSourceId":"tweet_coord"},{"name":"tweet_created","title":"tweet_created","type":"datetime","rdfType":"http://www.w3.org/2001/XMLSchema#dateTime","dwSourceId":"tweet_created"},{"name":"tweet_id","title":"tweet_id","type":"number","rdfType":"http://www.w3.org/2001/XMLSchema#decimal","dwSourceId":"tweet_id"},{"name":"tweet_location","title":"tweet_location","type":"string","rdfType":"http://www.w3.org/2001/XMLSchema#string","dwSourceId":"tweet_location"},{"name":"user_timezone","title":"user_timezone","type":"string","rdfType":"http://www.w3.org/2001/XMLSchema#string","dwSourceId":"user_timezone"}]},"path":"data/airline_sentiment_2_w_aa.csv","format":"csv"},{"name":"original/Airline-Sentiment-2-w-AA.csv","path":"original/Airline-Sentiment-2-w-AA.csv","format":"csv","mediatype":"text/csv","bytes":3704908}],"keywords":["crowdsourced","airline","emotional","sentiment","social media","opinions","nlp"]}